video_summary,result
"A trading expert shares a simple technique for consistent profits in forex trading, focusing on the Current Market Price (CMP) and zone identification. The technique involves dividing the chart into two parts, with the left side being the zone and the right side being the CMP. Instead of entering a trade immediately when the price enters the zone, the expert recommends filtering the entry at a smaller time frame, such as M30, to wait for a breakout or fake out. The goal is to wait for the price to fail and then enter a sell trade when the price re-enters the zone. The expert also shares a personal strategy using two engulfing candles (enguf) to confirm the entry. By applying this CMP technique, traders can achieve consistency in their trading results.","{'category': 'Scam', 'subcategory': 'Forex'}"
"A video sequence shows various scenes, including a man standing in the dark with a cell phone, followed by images of trucks, a boat, and a man standing next to a fence. The sequence then shifts to a man riding a bike on a dirt road, interspersed with images of the road, trees, and a bird in a tree. Later scenes show a man riding a horse in different settings, followed by images of people riding a motorcycle and cars driving on dirt roads.","{'category': 'ATIPSOM', 'subcategory': 'Not Related'}"
"A series of images shows a man, likely Jerome Powell, speaking at a podium, with some shots featuring flags behind him, indicating a formal setting, possibly a press conference or speech, interspersed with close-up shots of computer screens displaying financial charts and graphs, suggesting a discussion on economic topics, specifically stock market and forex trading.","{'category': 'Scam', 'subcategory': 'Forex'}"
"A series of screenshots display various charts, primarily showing time of day, with some featuring bar and line charts, and forex indicators on both computers and phones, which appear to be related to trading and market analysis, specifically XAUUSD, with a mention of a strategy to buy high and sell low.","{'category': 'Scam', 'subcategory': 'Forex'}"
"The provided content appears to be a series of captions for a video, likely a tutorial or promotional material for a trading technique, with a focus on Forex and gold trading. The captions describe a close-up shot of a cell phone or computer screen displaying various graphs, charts, and text messages, suggesting that the video is demonstrating a trading technique or strategy. The use of hashtags such as #trader, #forextrader, #goldtrader, and #tradingforex indicates that the content is targeted towards individuals interested in trading and investing.","{'category': 'Scam', 'subcategory': 'Forex'}"
"The content appears to be a video tutorial on how to use trading signals in forex, specifically in the Malaysian market. The speaker explains how to interpret and use the signals provided in a group, including how to set entry and exit points, manage risk, and use stop-loss orders. The speaker emphasizes the importance of using a trading system to control losses and highlights the use of a specific indicator, the ""hub indicator,"" which provides 100% accurate signals. The tutorial also covers how to set take-profit levels and manage risk, with the speaker providing examples of how to use the signals in a trading scenario.","{'category': 'Scam', 'subcategory': 'Forex'}"
"This content appears to be a series of captions for a video, likely a tutorial or presentation on trading, specifically on FCPO, which is the Bursa Malaysia Crude Palm Oil futures contract. The captions show a woman, sometimes wearing a hijab, standing in front of a blackboard or whiteboard, writing with a marker or chalk. The background often features a pink light or wall. The content also includes a description of three trading sessions for FCPO, which are from 10:30 am to 12:30 pm, 2:30 pm to 6:00 pm, and 9:00 pm to 11:00 pm. The speaker suggests that these sessions are suitable for individuals with flexible schedules, such as those who are self-employed, retired, or have resigned from their jobs.","{'category': 'Scam', 'subcategory': 'Forex'}"
"A social media post showcases a person's successful forex trading experience, with screenshots and close-ups of their cellphone displaying food and money, symbolizing their profits. The user expresses excitement and satisfaction, mentioning they achieved this in just five days. The post is tagged with various forex-related hashtags, including #forextrading, #forexmalaysia, and #forexlifestyle, indicating the user's involvement in the Malaysian forex trading community.","{'category': 'Scam', 'subcategory': 'Forex'}"
"The video discusses the price movement of gold, specifically the possibility of it reaching a new all-time high or dropping further. The creator, who claims to have correctly predicted a 900p drop in gold, explains that this drop is part of a larger correction wave, consisting of waves A, B, and C. They believe that once wave C is complete, gold will likely continue its upward trend, with a potential target price of around 2710, offering a 500p gain. Alternatively, if the correction wave is not complete, gold may drop further to around 2630 or 2620, presenting a buying opportunity. The creator also mentions the possibility of a breakout above 2770, which could lead to a new all-time high, offering a potential gain of 1100p.","{'category': 'Scam', 'subcategory': 'Gold'}"
"A woman is shown holding a cell phone and checking various messages, graphs, and images throughout the video. She is seen in different locations, including a beach, a bar, and a restaurant, and is often shown smiling and interacting with her phone. The video also shows people at a beach bar, swimming, and watching the sunset. The woman is later shown standing in front of a stone wall, holding her phone and smiling, before the scene cuts to a man riding a motorcycle at night. The video ends with a close-up of a person walking near a parked car and a man standing next to a car in a parking lot. The audio is in Malay and appears to be a trading update, with the speaker congratulating their students on making a profit and announcing their own plans to withdraw and enjoy time with their family in Bali.","{'category': 'Scam', 'subcategory': 'Forex'}"
"A video shows various scenes of people sitting at desks with computers, monitors, and laptops, with some using their devices and others appearing to be working or browsing. Interspersed with these scenes are shots of television screens, color bars, and a person holding a cell phone. The video also shows a chart on a monitor, a person playing a video game, and a woman using a laptop with a green light. The video appears to be a collection of random shots, but the context is unclear.","{'category': 'Not Related', 'subcategory': 'Not Related'}"
"A woman is shown in various settings, often holding a cell phone and standing in front of neon signs, charts, or desks, with some scenes featuring close-ups of her holding the phone. The context of these images is unclear, but they appear to be related to a discussion about gold prices and financial markets. In the accompanying text, the speaker discusses how gold has reached an all-time high four times in 2024, citing factors such as war, financial crises, and US elections as influencing the market. The speaker advises viewers to learn about market fundamentals and current events to make informed decisions, and asks if they would buy or sell at the current all-time high price.","{'category': 'Scam', 'subcategory': 'Gold'}"
"A series of images depict various individuals, including a woman wearing a hijab and a person in a white robe, in different settings such as hallways and in front of computers. The context of these images is unclear, but they appear to be part of a larger sequence or demonstration, possibly related to a robot trade or artificial intelligence, as hinted at in the accompanying text.","{'category': '3R', 'subcategory': 'Religion'}"
"A series of captions describe close-up shots of a computer screen displaying various financial charts and graphs, including stock market and forex indicators, likely from a trading platform. The accompanying text, written in Malay, appears to be promotional, urging viewers to take action before a promotional offer ends, claiming the product can generate significant profits in forex trading.","{'category': 'Scam', 'subcategory': 'Forex'}"
"A man is explaining a method to make $100 per day using a simple trading technique that only requires two time frames, H1 and M5, and focuses on identifying Support and Resistance (SNR) levels. He provides examples of buy and sell patterns, emphasizing the importance of waiting for confirmation before entering a trade. The man, who claims to have used this method for six years, offers to teach others through Zoom classes, a free eBook, and a support group, with the goal of helping a select few become independent traders.","{'category': 'Scam', 'subcategory': 'Forex'}"
"The video appears to be a tutorial on identifying breakout reversals in forex trading, presented in Malay. The speaker explains that a common mistake traders make is not being able to distinguish between a breakout continuation and a breakout reversal. They provide an example of a setup that often leads to fake-outs, where a breakout occurs but the price then reverses. The speaker emphasizes the importance of understanding patterns and not relying solely on zones, as most breakout zones will fail. They recommend looking for additional breakouts on lower time frames before entering a trade, as most breakout setups will result in fake-outs. The speaker concludes by inviting viewers to follow their Telegram channel for more detailed explanations and videos.","{'category': 'Scam', 'subcategory': 'Forex'}"
"A woman in a hijab is seen in various settings, often sitting at a desk with a computer or laptop, sometimes with blue makeup or face paint. She is shown holding a pen, pointing at a paper, or making gestures with her hand. The video also features close-ups of the woman's face, with and without the blue makeup. The accompanying audio discusses trading, specifically support and resistance, with the speaker criticizing those who trade without knowledge, leading to losses. The speaker emphasizes the importance of understanding support and resistance, a fundamental concept in trading, and invites viewers to learn more about it.","{'category': 'Scam', 'subcategory': 'Forex'}"
"The content appears to be a video tutorial on using free forex indicators in 3D View. The narrator demonstrates how to access the indicators, specifically the Trail Line with Breakout from Lutz Algo, which automatically detects trendline breakouts and provides entry points. The narrator explains that by marking the entry point and waiting for the price to enter the designated area, traders can potentially profit. The video promises to reveal more secrets and encourages viewers to follow, like, comment, and share the video to stay updated on future content.","{'category': 'Scam', 'subcategory': 'Forex'}"
"A series of screenshots show a cell phone displaying various graphs and charts, primarily line graphs, likely related to stock market trading, with multiple shots of the same or similar images, suggesting a repetitive or mundane sequence, set to the backdrop of a casual, possibly humorous tone, indicated by the hashtags #bonkerexchange and #bonkerscrew.","{'category': 'Scam', 'subcategory': 'Forex'}"
"A man is shown standing in front of a laptop and whiteboard, wearing a black jacket and sunglasses, in various scenes with slight changes in his appearance, such as blue paint on his face or different shirts. The setting occasionally changes to show a sign that says ""I love you"" in Chinese. The man is also seen brushing his teeth, talking on a cell phone, and standing next to a car. The video appears to be a collection of disconnected scenes, with the man's attire and actions changing throughout.","{'category': 'Not Related', 'subcategory': 'Not Related'}"
"A man is shown sitting at a desk with a computer, often with a monitor displaying a picture or a game, in various settings and lighting conditions, sometimes with a phone or laptop nearby, emphasizing the flexibility of working in the trading business, which is described as offering freedom and incredible scaling opportunities without the need for a traditional boss or employees.","{'category': 'Scam', 'subcategory': 'Forex'}"
"A series of captions describes a woman, often wearing a purple hijab, sitting in a chair and using a cell phone, with some variations in her attire and actions. The captions also briefly shift to show piles of money and stacks of books. Later, a stock chart appears, followed by the woman in purple again. The accompanying text discusses the challenges of trading FCPO, citing high capital requirements, lack of knowledge, and high risks as reasons why people may prefer trading stocks or forex, emphasizing the importance of education and experience in navigating the world of CPO trading.","{'category': 'Scam', 'subcategory': 'Forex'}"
"A man is initially seen sitting on a couch watching TV, then shifts to a chair in front of the TV, with some instances of two men in the living room watching TV or playing video games. The scene changes with the man standing in the living room, playing video games or holding a remote control, and occasionally joined by another person, with the setting remaining a living room with a TV.","{'category': 'Not Related', 'subcategory': 'Not Related'}"
"A video sequence shows various scenes of people interacting with technology, including a woman working at a desk with a computer and a man sitting at a desk with a laptop and monitor. The scenes then shift to a person holding a phone, a close-up of a monitor with a price tag, and a man working at a desk. The video also features a woman walking in a courtyard and standing in front of a wall, showcasing a lifestyle of luxury and success.","{'category': 'Not Related', 'subcategory': 'Not Related'}"
"This content appears to be a series of screenshots and images related to forex trading and stock market analysis, with a focus on charts and graphs. The captions describe various images of cell phones showing charts, graphs, and trading indicators, as well as some handwritten notes and drawings. The content seems to be promoting a simple approach to trading, with the hashtag ""#SOFM"" suggesting a ""one pair, one setup"" strategy. The images are likely intended to illustrate this approach and provide educational content for viewers interested in forex trading and stock market analysis.","{'category': 'Scam', 'subcategory': 'Forex'}"
"A man is explaining how to determine the best timing for trading, specifically focusing on the gold market. He uses a chart to illustrate the price movements of gold at 8 pm, showing how the price tends to drop or rise at this time. He analyzes the price movements over several days, highlighting the consistent pattern. The man advises viewers to be in front of their computers at 8 pm to find the best setup for trading, which typically lasts until 10 pm. He encourages viewers to share the video and follow him for more educational content on Forex trading for beginners.","{'category': 'Scam', 'subcategory': 'Forex'}"
"The provided content appears to be a series of captions describing a video or image sequence of a man with blue paint on his face and glasses, often standing in front of a whiteboard, writing with a marker, and occasionally holding a cell phone. The context suggests that the man is a trader, possibly a forex trader, as indicated by the hashtags #forex, #forexbeginner, #forextrading, and #aurumfx, and the mention of being a ""newbie trader."" The sequence may be part of a tutorial or educational content aimed at beginner traders.","{'category': 'Scam', 'subcategory': 'Forex'}"
"A series of screenshots display various stock market and forex charts, indicating a focus on trading and financial analysis, with the user awaiting market news, specifically the NFP report, as a trader in Indonesia, using mobile devices to stay updated on market trends and make informed decisions.","{'category': 'Scam', 'subcategory': 'Forex'}"
"A cartoon series depicts the frustrations of trading in the market, showcasing various scenarios where the market seems to be working against the trader. The cartoons feature a man with a sad face, a toothbrush, and a blue hat, among other images, to convey the emotions of a trader who consistently makes the wrong moves. The captions ""when you sell"" and ""when you buy"" are accompanied by images of a stock chart going up or down, highlighting the trader's poor timing. The post is meant to be humorous, with the hashtags #ForexTroll and #TradingMemes, and encourages viewers to share their own experiences with market struggles.","{'category': 'Scam', 'subcategory': 'Forex'}"
"The content appears to be a video tutorial on a simple Forex trading strategy using three timeframes. The strategy involves identifying breakout points in different timeframes, specifically the M30, M15, and M5 timeframes, to determine buy or sell signals. The tutorial explains how to use a rotation market concept, where the M30 timeframe is used to identify the overall trend, the M15 timeframe is used to identify a breakout, and the M5 timeframe is used to confirm the breakout. The tutorial also provides examples of how to use this strategy to buy and sell, with the goal of making a profit. The speaker encourages viewers to remember the rotation market concept and to practice the strategy.","{'category': 'Scam', 'subcategory': 'Forex'}"
"The provided content appears to be a series of captions for a video showcasing a cell phone screen displaying various graphs and images, with a focus on the cryptocurrency XRP, also known as Ripple. According to the captions, the value of XRP increased by RM10.58 on December 2, 2024, with its highest value in 2021 being RM7, and its highest value in 2016 and 2018 being RM18. The captions seem to be speculating whether XRP's value will continue to rise, inviting viewers to wait and observe the cryptocurrency's performance.","{'category': 'Scam', 'subcategory': 'Cryptocurrency'}"
"A series of screenshots from a cell phone show various charts and indicators related to the stock market and forex trading, including a notable flip in the gold market, with the user referencing a ""Crazy NFP FLIP on GOLD TODAY"" and using hashtags such as #trading, #xauusd, and #forex, indicating a dramatic event in the trading world.","{'category': 'Scam', 'subcategory': 'Forex'}"
"A person is shown sitting at a desk with a laptop or computer, often with a cell phone nearby, in various scenes with slight changes in their actions or surroundings. The individual appears to be engaged in trading or working on their computer, with some captions indicating frustration, as evidenced by a cell phone message saying ""trading is so hard."" The scenes also include a few animated sequences of machines and factories, possibly symbolizing the challenges and complexities of trading.","{'category': 'Scam', 'subcategory': 'Forex'}"
"The provided content appears to be a collection of captions for a video, likely a vlog or tutorial, featuring an individual, referred to as ""arafed man,"" wearing a purple shirt. The captions describe the man's actions, expressions, and interactions, often involving a cell phone, video chat, or social media. The content also includes a Malay-language script, which seems to be a response to a comment from someone named ""Abang Fizz."" The script discusses the individual's experience in the Forex market, emphasizing the importance of understanding market structure, price action, and technical analysis. The speaker also stresses the need for practice and patience, suggesting that individuals should focus on a few techniques rather than trying to master multiple ones.","{'category': 'Scam', 'subcategory': 'Forex'}"
"In the video ""Intermediate 101: Engulfing (Part 1)"", a trader discusses the importance of candlestick patterns in making profits, specifically focusing on the engulfing pattern. The engulfing pattern is a setup where one candle completely covers the previous candle, indicating a potential reversal in the market trend. The trader explains that for a bearish engulfing pattern, a blue candle must completely cover a red candle, while for a bullish engulfing pattern, a red candle must cover a blue candle. To enter a trade, the trader advises waiting for the price to enter a specific zone, waiting for a reversal pattern to form, and then entering a sell or buy position once confirmation is received.","{'category': 'Scam', 'subcategory': 'Forex'}"
"A new cryptocurrency project called WorkCoin has been allowed to operate in Malaysia, raising concerns about privacy and human rights. The project involves collecting biometric data, specifically iris scans, from individuals in exchange for 25 WorkCoin tokens worth around $600 USD. The data will be stored in a blockchain, making it permanent and potentially vulnerable to misuse, such as creating fake IDs on the virtual black market. Critics argue that the project is a cheap marketing ploy to build a biometric database from low-income individuals, with unclear intentions and no clear benefits for those who participate.","{'category': 'Scam', 'subcategory': 'Cryptocurrency'}"
"A woman in a hijab is featured in a video, sitting in a chair and speaking into a microphone, with some scenes showing a flag and a man in the background, while other scenes display various individuals, including a man in a green shirt and people in hoodies, with captions referencing Islam and Palestine.","{'category': '3R', 'subcategory': 'Religion'}"
" """"caption"""": """"a picture of a picture of a man standing in front of a sign""""}","{'category': 'Not Related', 'subcategory': 'Not Related'}"
"A series of images depict various scenes, primarily featuring groups of people standing together, often in front of a building. Some images show close-ups of individuals, including a woman with blue makeup, a man with a scarf and glasses, and people wearing headscarves and sunglasses. Other images display people interacting, such as two women talking, laughing, and singing, while others show people using cell phones with captions and pictures.","{'category': 'Not Related', 'subcategory': 'Not Related'}"
"A Malaysian blogger known as Mummyliz expressed her shock and disappointment upon hearing a song allegedly by Queen Fatimah that disrespects Islam. She questioned the existence of the singer, wondering if it's a real person or an AI-generated artist created to spark controversy and gain views on YouTube and Spotify. The blogger attempted to find more information about Queen Fatimah but was unsuccessful, leading her to speculate about the true identity and intentions behind the song.","{'category': '3R', 'subcategory': 'Religion'}"
"The provided content appears to be a series of captions for a video or slideshow, featuring various images and paintings with a mix of religious and abstract themes. The captions include images of Jesus and Buddha, as well as a person on a horse and a group of people sitting around a tree. The content also includes a picture of a bathroom and a person standing in the dark with a cell phone. The hashtags suggest the content is intended for a social media platform, with themes of spirituality and creativity.","{'category': '3R', 'subcategory': 'Religion'}"
"A series of maps of Malaysia are displayed, with various captions and designs, including a red and green map, a cartoon map, and a map showing neighboring countries, promoting peace and unity among different religions in Malaysia, including Islam, Christianity, Buddhism, and Hinduism.","{'category': '3R', 'subcategory': 'Religion'}"
"A series of images and captions appear to be from a news broadcast or video, featuring a woman with blue face paint and a man holding a microphone, as well as screenshots of newspapers and cell phones with various images. The accompanying text, in Malay, criticizes Latifah, who is accused of being biased in her calls for a Royal Commission of Inquiry (RCI) to investigate certain issues, while allegedly ignoring other important cases, such as the Forex scandal involving Daim and Mahathir, and the loss of Pulau Batu Putih. The text suggests that Latifah is a crony of Daim and Mahathir, and is only speaking out about the RCI now to serve her own interests.","{'category': '3R', 'subcategory': 'Royalty'}"
"A company in Malaysia is promoting a vending machine investment scheme, claiming that individuals can earn a minimum return of RM1300 per month by purchasing or renting a slot in the machine. However, upon closer examination, the scheme appears to have many hidden costs, including rental fees, transportation, and maintenance, which would likely reduce the actual profit. The company's promise of a fixed return seems unrealistic and may be a scam, targeting those in the investment industry who are eager to make quick profits.","{'category': 'None', 'subcategory': 'None'}"
" """"caption"""": """"a close up of a person with a blue face and a tweet""""}","{'category': 'Not Related', 'subcategory': 'Not Related'}"
"The Malaysian police have issued a warning about parcel scams, where individuals receive phone calls requesting money to release a courier parcel. The scammers use various tactics to deceive victims, and the police are urging the public to be vigilant and not to fall for such scams. In a series of posters and news programs, the police have highlighted the importance of being cautious when receiving suspicious phone calls and to verify the authenticity of the caller before taking any action.","{'category': 'Scam', 'subcategory': 'Not Related'}"
"The provided content appears to be a series of screenshots from a video game with various captions in Malay, which have been translated to English. The captions describe different images, including a TV screen with the text ""Korang student?"", a bag packed with items, ping pong paddles, and a desk with various objects. The content also includes a job advertisement for students to apply for a part-time work-from-home opportunity.","{'category': 'ATIPSOM', 'subcategory': 'Job Scam'}"
"A woman with long hair and distinctive accessories, including a cross necklace and bold lip colors, is featured in a series of car scenes, with various close-up shots showcasing her appearance, including a pink shirt and blue eyes, as she takes selfies and sits in the vehicle, with the final scene displaying a close-up of her face with a purple lip and necklace.","{'category': 'Sexual and Family', 'subcategory': 'Not Related'}"
"A news segment on Vanakam Malaysia reports on an online sperm donation scam, where a 49-year-old man from Kuala Lumpur lost RM25,000. The segment features footage of men holding papers and a TV screen displaying images of the scammed individual. The news program aims to raise awareness about the scam and warn viewers about the risks of online transactions. The segment also includes a poster with a warning sign about the dangers of online scams, particularly those involving cell phones. The news anchor is shown speaking to a reporter, and there are shots of a person working on a laptop with a world map in the background, likely researching the scam.","{'category': 'Scam', 'subcategory': 'Not Related'}"
"To identify a legitimate company or a scammer, it's essential to conduct thorough research and due diligence. Start by reading reviews on platforms like Glassdoor, Reddit, LinkedIn, and Google Reviews to gauge the company's reputation. A multitude of negative reviews can be a red flag. Additionally, verify the company's legitimacy by researching its employees and management on social media platforms, specifically LinkedIn, to ensure they exist and are actively working for the company. This helps to identify potential ghost companies or scams, especially in remote job listings.","{'category': 'Scam', 'subcategory': 'Job Scam'}"
"A woman with blue face paint and a black scarf is featured in a video with various close-ups and interactions, but the content is actually discussing red flags for job scams in Malaysia. The narrator warns about unrealistic salary offers, lack of company websites, commission-based pay requiring personal expenses, shady interviewers, unprofessional emails, and requests to contact through other apps. The video aims to raise awareness about potential job scams when applying for remote work, highlighting seven red flags to watch out for.","{'category': 'Scam', 'subcategory': 'Job Scam'}"
"Bank Negara Malaysia has added six new entities to its Financial Consumer Alert (FCA) list, including EMAR Markets, HF Markets, AvaPartner, JustMarkets, eToro Investment, and iInvestment254. The list serves as a guide to raise public awareness about entities or schemes that are misperceived or appear to be licensed or regulated by the central bank. The list is updated based on information received from the public and after conducting evaluations on the reported entities and schemes.","{'category': 'Scam', 'subcategory': 'Forex'}"
"A social media post appears to be showcasing a job opportunity at a company called Hajar. The video shows various scenes of employees working, including packing items into parcels, with the narrator explaining the job requirements. The job involves packing items, including headscarves, into parcels, and then having them picked up by a courier service. The narrator emphasizes that the job is easy and flexible, with opportunities to create content during free time. The company is offering a part-time job with a daily salary of RM400, and interested individuals are encouraged to comment below the post to express their interest.","{'category': 'ATIPSOM', 'subcategory': 'Job Scam'}"
"The Malaysian Prime Minister has addressed the issue of bank negligence in relation to scams, stating that banks will be held liable if found to be negligent. According to Section 43 of the Kanun Tatacara Jenayah (KTJ), banks will be required to compensate victims if they fail to monitor and enforce regulations. So far, RM178,407 has been returned to scam victims under this section. The Prime Minister agrees with this principle and suggests that it should also be applied in Malaysia, with the possibility of stricter regulations to hold banks accountable for their negligence in monitoring and enforcing rules.","{'category': 'Scam', 'subcategory': 'Not Related'}"
"A Malaysian influencer, Rahmat Fitri Abdullah Bismarck, is warning the public about potential scams through a series of video captions. He shares examples of scam messages that may be received, which often claim to have compromising photos or information about the recipient. These messages aim to intimidate and prompt the recipient into taking action, such as clicking on a link or responding to the scammer. Rahmat advises the public to ignore, block, and not respond to such messages, emphasizing that they are likely scams and not legitimate concerns. He encourages the public to stay vigilant and not fall prey to these tactics, promoting awareness and education to combat online scams.","{'category': 'Scam', 'subcategory': 'Not Related'}"
"A Malaysian video showcases various scenes of children playing with stuffed animals, particularly a blue teddy bear, and then transitions to a person discussing a financial opportunity. The speaker explains that viewers can sell their tax bills to 4K Gold, a company that covers areas in KL, Selangor, Nilai, Seremban, Kuala Terengganu, and Kelantan. To sell, individuals can send a photo of their tax bill to 4K Gold, who will then calculate the amount and meet at a designated location to finalize the transaction, with any excess amount transferred or paid online. Additionally, 4K Gold also buys used gold, providing a convenient solution for those in need of cash.","{'category': 'Scam', 'subcategory': 'Gold'}"
"A woman in Keningau, Malaysia, shared a frightening experience where she caught a suspicious individual lurking around her house while she was hanging clothes to dry. She noticed a leaf moving and quickly grabbed her phone to record a video, which showed the person getting closer to her house. She immediately called the emergency number 999, as the local police station's number was unreachable. The woman, who was home alone with her sister, was terrified and instructed her sister to continue her TikTok live stream, unaware of the situation, as she quietly recorded the suspicious individual from a window, describing him as looking like a stranger.","{'category': 'Sexual and Family', 'subcategory': 'Violation of Womenâ€™s Rights'}"
"A man is shown engaging in various activities at a desk or table, including using a laptop, cell phone, calculator, and pen, with some instances of him holding a knife or having blue face paint. The scene descriptions are interspersed with Malay text discussing fraudulent activities and their consequences under Malaysian law, including imprisonment and fines. The text also touches on civil actions, such as canceling contracts and suing banks for failing to act against fraud. It advises victims to report incidents to the authorities, keep evidence, and protect their financial information.","{'category': 'Scam', 'subcategory': 'Forex'}"
"A video showcases various shots of purple flowers, plastic materials, and a person crafting with scissors and gloves, interspersed with a job advertisement for a part-time plastic ironing position that can be done from home, offering a daily wage of RM250 for men and women with no experience or certification required.","{'category': 'ATIPSOM', 'subcategory': 'Job Scam'}"
"A man with a blue face and a chain around his neck is shown in various scenes, including close-ups and sitting at a table eating. He is later seen eating cake and sitting in a chair, still with the chain around his neck. The scene then cuts to a person speaking in Malay, introducing himself as Sam Lim, not Zam Lim, and stating he is of Chinese descent, but a Malaysian type C, emphasizing unity with other Malaysian types.","{'category': '3R', 'subcategory': 'Race'}"
"A popular TikToker has sparked outrage among netizens for criticizing a roadside tea business in an unacceptable manner, making sensitive accusations that threatened the owner's reputation. The TikToker, known for reviewing street-side stalls, was accused of being rude and unprofessional, with many comparing him unfavorably to other influencers. He also alleged that the business owners were trying to evade income tax despite earning RM100,000 per month. The incident has led to calls for the TikToker to stop making such videos, with many finding his behavior unacceptable.","{'category': '3R', 'subcategory': 'Not Related'}"
"A video shows various scenes of people with blue paint on their faces, including a man with a hat, a woman with glasses, and three men standing together, promoting unity and anti-racism, with the Malay, Indian, and Chinese communities coming together as one Malaysia.","{'category': '3R', 'subcategory': 'Race'}"
"The content appears to be a series of captions describing various scenes, mostly showcasing charging devices and cables, including wall-mounted chargers, USB ports, power strips, and cell phones being charged. The captions also mention specific features like built-in type cables, red lights, and blue arrows, likely highlighting the functionality and design of the charging devices.","{'category': 'Not Related', 'subcategory': 'Not Related'}"
"A video sequence shows various images and objects, including a whiteboard with a blue arrow, a car dashboard, and multiple motorcycles, suggesting a racing or high-performance theme, denoted by hashtags #cdiracing, #cdimotor, and #highperformance.","{'category': '3R', 'subcategory': 'Race'}"
"The MaxiU is a device with five different models - Mini, Street, Sport, Race, and Pro, each with varying features and capabilities. The main differences lie in the number of injector and emission outputs, with the Mini having 4 signals, Street and Sport having 6 outputs, Race having 8 injector and 8 emission outputs, and Pro having 16 injector and 12 emission outputs. Additionally, the Sport, Race, and Pro models have Bluetooth capabilities with a 4C connection for phone connectivity, distinguished by a visible antenna. The sizes of the devices also vary, with the Mini being the smallest and the Pro being the largest, having 4 sockets compared to the Mini's 1 socket. The prices of the devices increase with the specifications, ranging from RM3,000 for the Mini to RM8,000 and above for the higher-end models.","{'category': 'None', 'subcategory': 'None'}"
"A person orders nasi lemak, a popular Malaysian dish, but is shocked and upset to find blue sauce and a non-halal food item, believed to be pork, on their plate. They express frustration and disappointment, warning others to be cautious when eating at certain types of restaurants. The person demands to see the manager, unhappy with the mistake and the type of establishment they are dining at.","{'category': '3R', 'subcategory': 'Religion'}"
"A series of images show various scenes of cars, including a blue and white car with a distinctive tail fin, parked and driving on the street, as well as in a parking lot and on the side of the road. Some images feature a car with a flag, while others show a person, possibly a driver, standing on a race track, often with a helmet and backpack. The final images depict banners and a motorcycle on the side of the road. The captions end with a reference to a Honda CRX, Avantech Racing, and the hashtags #wemotoo, #muscdragracing, and #muscmotorsport, suggesting a racing event.","{'category': 'None', 'subcategory': 'None'}"
"A visual showcase of the Honda Civic Type R is presented, featuring various angles and backgrounds, including a white car with a blue light on the hood, a close-up of a price tag, and different colored cars in a row, highlighting the evolution of the model from its 1st generation to the present, emphasizing the distinctive features of the Type R, such as the VTEC and turbo engines, and showcasing the car's design and capabilities in different settings.","{'category': 'None', 'subcategory': 'None'}"
"The video showcases various scenes of a person interacting with their car's interior, including using the radio, adjusting the time, and holding a cell phone while driving. The car features a modern dashboard with a digital display, and the person is often wearing a blue glove. The video also highlights a 4-in-1 car charger with adjustable angles, RGB lights, and a starry sky effect on the roof, making the car's interior look stylish and futuristic. Additionally, the charger has a retractable cable function and supports fast charging, adding to its convenience and appeal.","{'category': 'Not Related', 'subcategory': 'Not Related'}"
"The provided content appears to be a mix of captions from a video and a racing commentary. The video captions show various scenes of motorcycle racing, with multiple riders competing on a track, while the commentary describes the final moments of a race. The commentator mentions riders such as Ahmad Bajalshan, Aqeed Aziz, and Ahmad Fazlul-Sham, with the latter taking the win. The commentary highlights the riders' strategies and the excitement of the race, while the video captions showcase the action on the track and the reactions of team members.","{'category': '3R', 'subcategory': 'Race'}"
"A series of images shows people working on computers and laptops, with various scenes of individuals and groups sitting at desks, including women in hijab, using technology and collaborating, with some images being close-ups or blurry, set to a Malay caption that jokingly mentions being excited for a break.","{'category': '3R', 'subcategory': 'Religion'}"
"A series of images and videos appear to be showcasing toy cars and racing tracks, with a focus on Hot Wheels and die-cast models. The scenes include various toy cars, including a Honda Type R and a BMW M3, racing on tracks and competing against each other. The captions also mention a person holding a cell phone and taking pictures or playing games, suggesting a mix of physical toy play and digital interaction. The text at the end appears to be in Malay, discussing a race between the Type R and BMW M3, with the Type R initially in the lead but the BMW M3 making a comeback, and the Type R trying to play dirty but the BMW M3 outsmarting it, ultimately winning 3-1.","{'category': '3R', 'subcategory': 'Race'}"
"The given content appears to be a series of captions for a video, showcasing various scenes related to tires, with a focus on motorcycle tires. The video displays different types of tires, including those with price tags, tags, and stickers, as well as scenes of people cutting and handling tires. Additionally, there are shots of gloves, umbrellas, and other unrelated objects. The final caption mentions ""Tayar motorsikal Camel Racing tubetype CM 72 Diamond 70/90-17 front M/C 38P 80/90-17 back M/C 44P"", which seems to be a specific type of motorcycle tire. Overall, the content seems to be a collection of random scenes related to tires, with no clear narrative or storyline.","{'category': 'Not Related', 'subcategory': 'Not Related'}"
"A blue motorcycle is shown in various scenes, often parked in a garage with different seat colors, including blue and black, and surrounded by other motorcycles and tools. Close-up shots of the motorcycle's blue and black paint job are also featured. The garage's interior is occasionally visible, with details such as a blue floor and yellow wall. The motorcycle is sometimes shown with a black helmet on it.","{'category': 'Not Related', 'subcategory': 'Not Related'}"
"A BMW M4 G82 is being worked on in a garage, with a focus on installing a titanium exhaust system. Two men are seen inspecting and fixing the car, which has a blue paint job. The video showcases a close-up of the exhaust system and the workers' hands as they make adjustments. The BMW M4 is a high-performance vehicle, and the titanium exhaust is likely a custom upgrade for enhanced performance.","{'category': 'Not Related', 'subcategory': 'Not Related'}"
"The content appears to be a series of captions describing a motorcycle racing competition, with multiple pictures of motorcycles shown. The event seems to be a local race with participants from Japan and Europe, featuring various categories. The captions express excitement and anticipation, asking who will be the strongest and have the steadiest hands, with the goal of reaching the finish line of the 24km race.","{'category': '3R', 'subcategory': 'Race'}"
"A woman is initially seen sitting at a desk with a cell phone, but the scene changes to two women playing a video game together on a couch, with slight variations in the captions describing the scene over time, ultimately focusing on the two women gaming together.","{'category': 'Sexual and Family', 'subcategory': 'Not Related'}"
"The video showcases a series of images and scenes from the DSC Merdeka Track Day 2024 at Litar Dato Sagor, featuring Yamaha motorcycles, specifically the 150cc model, and riders participating in track racing events. The images depict riders on motorcycles, some with helmets, racing on the track, with a few shots of the surrounding environment, including a field and a highway with a blue car driving by.","{'category': 'Not Related', 'subcategory': 'Not Related'}"
"A person with purple face paint is shown in various close-up shots, often with a question mark or bubble above their head, conveying confusion or inquiry. The footage is interspersed with shots of the person holding a cell phone. The accompanying audio features a conversation in Malay, where the speaker expresses a preference for Type-C, but the conversation takes a sarcastic turn, criticizing the labeling of people as ""Type-Type"" and using derogatory language, emphasizing individuality and discouraging categorization, also mentioning unknown terms like ""MoonyNet"" and ""Na-Te"".","{'category': '3R', 'subcategory': 'Race'}"
"A purple car is depicted in various scenes, primarily parked in a parking lot with a blue roof, with some instances showing it near a building or in front of a gas station. The car's appearance remains consistent, with slight variations in its surroundings, including the presence of other cars, a green bucket, or a green suitcase. The overall setting is mundane, with a focus on the purple car as the central subject.","{'category': 'Not Related', 'subcategory': 'Not Related'}"
"An animation showcases various car engine illustrations, including a Proton Satria Neo with a 4G93 Mivec Turbo engine, highlighting its powerful capabilities, with the creator expressing appreciation for the car owner's support, while also promoting car tuning and performance culture through various hashtags.","{'category': 'Not Related', 'subcategory': 'Not Related'}"
"A series of images show a man working on a car in a garage, with various shots of the car, a green vehicle, and a blue car, including some close-ups and a car on a lift. The scene appears to be a mechanic or car enthusiast working on the vehicle, with multiple angles and shots of the cars and the garage. The images also show a woman briefly working on a car, but the majority of the time, it is a man. The garage has various tools and equipment, and the cars appear to be a green car and a blue car, possibly a BMW M4 Competition.","{'category': 'Not Related', 'subcategory': 'Not Related'}"
"A series of images showcases various scenes of cars being towed, transported, or worked on, with multiple shots of a blue car on a flatbed truck and a man in a black shirt attending to it. Other images feature a car with graffiti, a sticker, and different colored wraps. The captions mention a man standing on a truck, working on a car, and a motorcycle, with the final images displaying a blue tow truck with a purple car.","{'category': 'Not Related', 'subcategory': 'Not Related'}"
"The given content appears to be a series of captions describing scenes of motorcycles in various settings, primarily in garages and showrooms. The scenes depict one or multiple motorcycles, often with distinct features such as blue color or specific accessories. Some captions also mention the presence of people or objects in the background, like a man standing next to the motorcycles or a lot of tires. The setting occasionally changes to a showroom or a room with multiple motorcycles on display. Overall, the captions provide a visual description of different motorcycle scenes, possibly from a video or photo collection.","{'category': 'None', 'subcategory': 'None'}"
"The provided content appears to be a series of captions describing various scenes of people working on machines with gears and clutches in a factory setting. The captions range from general descriptions of people working on machines to close-up shots of specific components, such as gear wheels and clutch plates. The scenes also show workers wearing gloves, including blue gloves, and working with various tools, such as drills. Additionally, some captions mention car engines and conveyer belts, suggesting that the machines being worked on may be related to the automotive industry.","{'category': 'Not Related', 'subcategory': 'Not Related'}"
"A series of captions describe a blue car being worked on in a garage, with various scenes showing the car being washed, waxed, and cleaned by a man wearing blue attire. The car appears to be a Mustang, and the captions also show a computer screen displaying data and graphs, possibly related to the car's performance. Additionally, a Malay conversation is included, discussing the importance of taking care of one's vehicle, likening it to a girlfriend, and referencing a tuned car.","{'category': 'Not Related', 'subcategory': 'Not Related'}"
"A car is being worked on in a garage, with various close-up shots showcasing the vehicle and a hose attached to it. A man is also seen working on the car. The scene appears to be a car maintenance or repair setting, with the car possibly undergoing a dyno test, as hinted at by the hashtags #typeR and #dc5, which are associated with the Honda Civic Type R and DC5 models, respectively.","{'category': 'Not Related', 'subcategory': 'Not Related'}"
"The content appears to be a series of captions describing damaged cars in a garage, with various close-up shots of broken hoods, bumpers, doors, and windows. The captions also mention multiple cars parked in a garage, as well as a motorcycle with a broken engine. Additionally, there are descriptions of a car in the snow and a car with a blue light on the hood. Overall, the content seems to be focused on showcasing damaged vehicles.","{'category': 'Not Related', 'subcategory': 'Not Related'}"
"A series of captions describes a motorcycle, identified as a Yamaha R1, parked on the street with a car in the background, and at times, a person standing next to it. The motorcycle's tire colors, including blue and red, and blue and orange, are also mentioned. Additionally, the motorcycle's engine is described as making a cold start sound. The context suggests the motorcycle is being showcased or admired, possibly in a Malaysian setting, given the hashtag #sbkmalaysia.","{'category': 'Not Related', 'subcategory': 'Not Related'}"
"The given content appears to be a video transcription with captions describing various scenes, mostly featuring a person showcasing and explaining different motorcycle parts and accessories. The narrator is promoting a racing CVT combo for specific motorcycle models, including Ego and Ego S, and highlights the various components included in the combo, such as pulleys, timing belts, and carburetors. The video also mentions plans to create similar combos for other motorcycle models, including Avantix, Solaris, and Nova WLC. The narrator invites viewers to follow their social media channel for updates and news.","{'category': 'Not Related', 'subcategory': 'Not Related'}"
"A man is seen standing next to a car, with two men later appearing beside it, one wearing a blue costume, and the car's engine and hood are shown in various states of disrepair, before the scene shifts to a motorcycle and a man in a checkered shirt in a garage, possibly at a repair shop.","{'category': 'Not Related', 'subcategory': 'Not Related'}"
"An animator with years of experience in creating car animation videos is now venturing into engine animations, a more complex and challenging field requiring in-depth knowledge of engines. They will be sharing their creations, starting with a K20C1 engine animation, and invite car enthusiasts to suggest specific engine animations they'd like to see, with the goal of reaching a wider audience and sharing their passion for performance and motorsport.","{'category': 'Not Related', 'subcategory': 'Not Related'}"
"A sequence of images showcases a yellow sports car, specifically a Honda Civic Type R FL5, with various captions describing its movements and surroundings. The car is seen driving down streets, roads, and parking lots, with some images featuring a surfboard on top. The captions also mention the car's location in front of buildings, with trees in the background, and near a plane. Additionally, some images display the car parked, while others show it driving with another yellow car behind it. The sequence appears to be a photo shoot, highlighting the car's features and performance.","{'category': 'Not Related', 'subcategory': 'Not Related'}"
"The provided content appears to be a series of captions describing various objects, primarily related to motorcycles, cars, and computer equipment. The captions describe a blue engine, a computer desk, a blue bike, hair clippers, and various motorcycle parts, including engines, hoses, and pedals. Additionally, there are images of a blue speaker, a blue case, and a skateboard with blue straps. The content also includes a close-up of a text on a black background and a mention of a ""wishlist project"" related to a Civic FL5 car. Overall, the content seems to be a collection of images and captions showcasing various automotive and tech-related items.","{'category': 'Not Related', 'subcategory': 'Not Related'}"
"A sequence of images shows a white car parked in a lot, with slight variations in description, before transitioning to a car in a garage and finally an ""arafed"" car on a street with a ""twee tag"" on the hood, possibly referencing a customized vehicle.","{'category': 'Not Related', 'subcategory': 'Not Related'}"
"A series of images is presented, primarily featuring a white monkey with blue eyes and a white fur coat in various poses and settings, as well as some images of a man flying a kite, a cat with blue eyes, and a giraffe with a white face and blue eyes. Some images also show a monkey and a cat sitting on a purple pillow or ball. Additionally, a man is seen riding a snowboard, and a cat is shown sitting in the snow with a snowboard. The images appear to be unrelated and are interspersed with each other.","{'category': 'None', 'subcategory': 'None'}"
"The provided content appears to be a sequence of captions describing scenes related to a motorcycle, specifically a Yamaha R1M. The scenes show a man working on the motorcycle in a garage, as well as standing next to it with a blue light on the bike. Some captions also describe the motorcycle being parked on the street at night. The sequence ends with a soundcheck of the motorcycle's Akrapovic full-system exhaust, accompanied by a series of hashtags referencing the bike model, superbikes, and a Malaysian superbike event.","{'category': 'Not Related', 'subcategory': 'Not Related'}"
"A woman with blue hair and face paint is shown standing next to and sitting on various cars, often with a bat in hand, in a series of images and videos. The cars are customized with unique paint jobs, including purple, green, and yellow. The woman is also seen holding a cell phone and skateboarding. The scene shifts to a parking lot, where cars are parked and a sign reads ""Tupperbone"". The video then cuts to a close-up of a purple car with a chrome bumper, and a blue car with a yellow trunk. A baseball bat is seen sticking out of a car window, and a car with a blue interior and red bumper is shown. The video ends with the woman sitting on a car with a purple paint job, and a roll cage being installed in a Honda EG6 car, with a recommendation to use Type 1 for stability and safety.","{'category': 'None', 'subcategory': 'None'}"
"A man is shown playing a video game, specifically a racing game, with multiple screenshots displaying his progress and different cars, including the ADC Toyota Chaser JZX100, on various tracks such as Nagao Downhill in Asetto Corsa, interspersed with a few images of real-life driving, including a foggy road, showcasing a mix of virtual and real-world driving experiences, with the hashtags suggesting a focus on touge drifting and Asetto Corsa gameplay.","{'category': 'None', 'subcategory': 'None'}"
"A car is shown parked in a garage with various equipment, including a ramp and a car lift, with close-up shots of the vehicle and its surroundings, and at one point, a hose is attached to it, before a person is seen standing next to the car.","{'category': 'Not Related', 'subcategory': 'Not Related'}"
"A showroom features various vehicles, including a blue car with a blue heart on the side, and multiple motorcycles, some of which are blue. The motorcycles are displayed alongside the blue car, and some are parked next to each other. The scene shows different angles and close-ups of the vehicles, with the blue motorcycle and car being the main focus. The showroom also features other motorcycles and cars with blue and silver colors.","{'category': 'Not Related', 'subcategory': 'Not Related'}"
"A sequence of images shows various scenes of cars, primarily focusing on a purple and a blue vehicle, with shots of their dashboards, doors, and seats. The cars are often parked on a brick road or a street, with some nighttime scenes featuring a blue light. The images are set to a rhythmic beat, with hashtags suggesting a connection to ""Satria"" and ""Cyborg"" themes, possibly referencing a Mitsubishi car model.","{'category': 'Not Related', 'subcategory': 'Not Related'}"
"The provided content appears to be a series of captions for a video, likely showcasing various scenes related to motorcycles. The majority of the captions describe a motorcycle parked in a garage, with some variations in the description, such as the presence of tools or people working on the motorcycle. Additionally, there are scenes of motorcycles on display in a store or showroom, as well as a person working on a motorcycle. The captions also include unrelated scenes, such as a cat on a table with a laptop, a computer screen with a graph, and a man riding a skateboard.","{'category': 'None', 'subcategory': 'None'}"
"A series of images are described, primarily showing cars in various settings, including garages and parking lots, with some images featuring people working on or standing near the vehicles. The cars are often black and sometimes have distinctive features such as blue or red lights. There are also a few images that appear unrelated to cars, including a blurry photo of a cat and a close-up of a person holding a cell phone. The context of the images is unclear, but they may be related to a car enthusiast or a specific car culture, as hinted at by the accompanying hashtags referencing car styles and Malaysian culture.","{'category': 'Not Related', 'subcategory': 'Not Related'}"
"A white car is shown driving down a road near a field, with varying shots of the vehicle in motion, often with a cloudy sky in the background. The camera captures close-up views of the car driving, providing an immersive experience. The post is accompanied by the sound of launch control exhaust at 4500rpm, remapped by Khairul Tuner Garage, and is tagged with various car-related hashtags, including Honda, JDM, and Civic FD.","{'category': 'Not Related', 'subcategory': 'Not Related'}"
"A man is shown working on a motorcycle in a garage, with various shots of him standing next to, sitting on, and fixing the bike, which is often blue and orange in color. The captions are in Malay, but the context suggests the man is preparing the motorcycle, possibly for a test ride or customization, with hashtags indicating a focus on motorcycle culture and customization.","{'category': 'Not Related', 'subcategory': 'Not Related'}"
"A series of close-up shots showcase a car with its hood open, revealing the engine, in a parking lot, with some shots featuring a blue light or blue hood, likely highlighting a turbo or NA engine, possibly in a Honda Civic EG6 model.","{'category': 'Not Related', 'subcategory': 'Not Related'}"
"A man is washing a car in a garage with a blue checkered floor, using a hose and spray gun. The scene is repeated multiple times, with slight variations, showing the man washing the car from different angles. At some points, the car is covered in snow, and the man is seen holding an umbrella, suggesting that the washing is taking place during snowy weather. The car appears to be a Honda, possibly an EG9 model.","{'category': 'Not Related', 'subcategory': 'Not Related'}"
"A series of images showcase a car's engine bay and exterior, with a focus on a purple Proton Persona that has undergone a 1.8 Mivec conversion, retaining its original stock features, and is now ready for the road, with the owner expressing gratitude to those who trusted them with the task.","{'category': 'Not Related', 'subcategory': 'Not Related'}"
"A parking lot scene shows various cars, including a small white car with blue rims parked on the grass, and a cat is spotted sitting next to and even on a car tire, with the scene changing between different views.","{'category': 'Not Related', 'subcategory': 'Not Related'}"
"Someone is working on a machine with a wren emblem, possibly a car part, as evidenced by various tools and a close-up of the device with the logo. The process involves fixing and assembling the machine, with the person using scissors and other metal tools, ultimately aiming to complete the task efficiently.","{'category': 'Not Related', 'subcategory': 'Not Related'}"
"Motorcycles are shown parked in various outdoor locations, often on wet or dirt roads, and frequently near forests or wooded areas, with some scenes showing the bikes parked outside a house or on the side of the road, all with a common theme of being in a natural environment with rain or wet conditions.","{'category': 'Not Related', 'subcategory': 'Not Related'}"
"A collection of car parts and accessories are showcased in a series of close-up shots, primarily focusing on blue-colored vehicles and components, including bumpers, exhaust pipes, and tailpipes. The footage also briefly features a purple car, a bus, and a skateboard. Additionally, some shots display text and logos, such as ""J Racing 60R"" and ""KTune Custom SHA"", indicating a connection to the automotive community, specifically the Civic FD model. The captions suggest a personal collection of mufflers and car parts, with hashtags referencing the Malaysian car community and custom car modifications.","{'category': 'Not Related', 'subcategory': 'Not Related'}"
"A white car is shown parked in a parking lot in various scenes, with some shots featuring a blue tail light, a suitcase, or the trunk open, while others show the car alongside other vehicles or in a close-up view, with slight variations in the car's description, including being referred to as small in one instance.","{'category': 'Not Related', 'subcategory': 'Not Related'}"
"A series of images showcases various objects, starting with a box of milk and a mouse, followed by pipes, a camera, a rainbow, and colorful items such as a microphone, bottle, and motorcycle exhaust pipes, with some shots featuring a box or a table as the background, and the sequence ends with a close-up of a colorful pipe and a screw.","{'category': 'Not Related', 'subcategory': 'Not Related'}"
"The content appears to be a mix of video captions and a promotional text for a car rim upgrade. The captions describe various scenes, including a person cleaning a tire, a purple car, and a blue car, as well as a person working on a tire and a car wheel. The promotional text is in Malay and describes a person's experience choosing a new rim for their Satria Ferrari car, ultimately selecting a rim with a white TE papan design. The text also mentions a promotional offer for the rim upgrade, including a discounted price, balancing, spray caliper, and alignment, with a limited-time offer until July 14.","{'category': 'Not Related', 'subcategory': 'Not Related'}"
"A motorcycle, specifically a 2009 Yamaha R1, is being worked on in a garage, with the engine being warmed up and an Akrapovic full system installed, producing a loud sound, as part of a project possibly related to the SBK Malaysia event, with the bike being repeatedly shown in various states of repair and on a stand.","{'category': 'Not Related', 'subcategory': 'Not Related'}"
"A video showcases various close-up shots of cars parked in a garage, primarily focusing on a purple car, with some shots of a blue car interspersed throughout. The video also captures a blue car emitting large amounts of smoke, and a purple car with a blue tailpipe. The shots are repetitive, with the purple car being the main subject, and the video ends with a shot of the blue car emitting smoke, accompanied by a message thanking the viewer.","{'category': 'Not Related', 'subcategory': 'Not Related'}"
"A man is shown sitting on a motorcycle in a garage, with various scenes of motorcycle maintenance and riding displayed throughout. The footage also includes unrelated shots of a dog, a cake being cut, a bathroom, and computer screens showing graphs. The video ends with a close-up of a speed graph on a computer screen, accompanied by the sound of a shifter in action, and a mention of a tuner from apinmotorsport.","{'category': 'Not Related', 'subcategory': 'Not Related'}"
"A display of various machines and electronic equipment is showcased, including a motorcycle engine, chainsaw, and other mechanical devices, with some exhibits presented in glass cases or on tables, offering a close-up view of the intricate details and components of the machines, likely at a convention or exhibition.","{'category': 'Not Related', 'subcategory': 'Not Related'}"
"A series of images show a yellow car in various locations, including in front of buildings, houses, and in parking lots, often with other cars or objects in the background, such as trees, trucks, buses, and surfboards, and occasionally with people nearby, including a man in a purple shirt, and a man standing next to the car, with some images featuring signs or stickers on the car or nearby buildings, and a few showing the car with a hood on or in a garage with surfboards on the roof.","{'category': 'None', 'subcategory': 'None'}"
"A series of images show various motorcycles parked in different locations, including sidewalks, streets, and a garage, with some having distinctive features such as a skull on the front or back, while a man is seen working on a laptop on a balcony, and a message ""POV motor paling bahaya ka"" appears on a black background, translated to ""POV most dangerous motor"".","{'category': 'Not Related', 'subcategory': 'Not Related'}"
"The provided content appears to be a series of image captions, with a mix of black and white photos and colorful images, featuring a man dressed in various attire, including purple robes and scarves, alongside some unrelated images, such as a black mouse pad and a laptop computer. The captions also include some text in a seemingly unrelated context, mentioning ""it's all falling"" and ""it's empty now,"" as well as a reference to Prince Fahad from Saudi Arabia.","{'category': '3R', 'subcategory': 'Royalty'}"
"A man is shown in various scenes, mostly in a garage, where he is seen walking, standing, or working on a car with another person. The car appears to be a focus point, with the man often standing next to it or looking at it with someone else. The scenes also briefly show the man interacting with others, including a woman, and there are shots of a dog in a car. The context suggests a casual, everyday setting with an emphasis on the car, possibly a Toyota Celica.","{'category': 'Not Related', 'subcategory': 'Not Related'}"
"A man is shown working on a car in a garage, specifically a Lamborghini, with various shots of him standing next to the vehicle, bending over to fix a tire, and pushing the car with a large tire on it. The man is often wearing a black shirt and blue gloves, and at times, a blue mask. The captions also mention other cars, including a Nissan and a Honda, but the primary focus is on the Lamborghini. The video appears to be a showcase of the man's work on the car, with the hashtags suggesting it may be related to a motorsports or car modification business.","{'category': 'Not Related', 'subcategory': 'Not Related'}"
"A video showcases various scenes of people eating and preparing food, primarily featuring blue-colored dishes and desserts, such as blue-frosted cakes, blue rice, and blue sauces. The video also displays a woman in a hijab eating and preparing different meals, including pizza, chicken sticks, and green vegetables. Additionally, it shows people making and decorating cakes with blue icing and dye. The video appears to be promoting a restaurant called Restoran Makkah in Kuala Terengganu, Malaysia, and features Arab food, including kunafa and nasimandy, with the hashtags #food, #Foodie, #foodhunting, and #makananarab.","{'category': '3R', 'subcategory': 'Religion'}"
"A person with blue face paint and a white hat is shown in various scenes, including close-ups and sitting on a couch, with some captions suggesting they are a Muslim man. The context is unclear, but the images appear to be part of a humorous or entertaining video, with the person pointing at a cell phone, giving a peace sign, and interacting with the camera. The video is accompanied by a Malay-language commentary and hashtags referencing Lord of the Rings and Islamic prayer.","{'category': '3R', 'subcategory': 'Religion'}"
"A woman recently shared her experience with a scam work-from-home job opportunity on social media, warning others to be cautious. The scam targets individuals who desperately need money, often those who are new to the workforce. The scammer promotes a freelance admin or digital marketing job, claiming it can be done from home with no experience needed and promising high earnings. However, the woman advises that such job opportunities are often scams, and it's essential to do a background check on the company and verify the job scope before applying. She also warns against being swayed by the promise of high earnings and to be cautious of companies that require recruitment or sharing of posts to earn money.","{'category': 'Scam', 'subcategory': 'Job Scam'}"
"A video appears to show a man taking a picture of himself on his phone, with multiple captions suggesting he is taking a selfie or looking at his phone screen. The video is interspersed with footage of people taking pictures of the man on their phones. In the accompanying audio, a conversation takes place in Malay, discussing making a police report, with one person mentioning that their friend has already made a report to the authorities. The conversation also touches on the possibility of a scammer and the need for the community to be cautious.","{'category': 'Scam', 'subcategory': 'Not Related'}"
"A university lecturer recently fell victim to a part-time job scam, resulting in a substantial loss of RM115,600. The scam, which has been trending in Malaysian news, highlights the importance of being cautious when seeking employment opportunities. A series of posters and images were presented to raise awareness about the scam, with a focus on online activities such as typing on laptops and using keyboards. The incident serves as a reminder to the public to be vigilant and verify the authenticity of job offers to avoid falling prey to such scams.","{'category': 'ATIPSOM', 'subcategory': 'Job Scam'}"
"The given content appears to be a series of captions from a video, likely a talk show or interview, where a woman shares her experience of being scammed by a company called Tapani Skam. She explains how she worked for the company for four months before realizing it was a scam, and how she had even invested her own money and convinced her parents to invest as well. The scammer targeted young women, using tactics such as fake documents and connections with reputable banks like HSBC to appear legitimate. The woman warns others to be cautious and shares her story to raise awareness about the scam.","{'category': 'Scam', 'subcategory': 'Job Scam'}"
"A man, Awad Yu, also known as Awok Dew, is speaking to the camera with blue face paint, holding a piece of paper. He explains that he has filed a report at the Alam Impian Police Station regarding someone using his image without permission on Telegram. He warns his followers to be cautious of scammers using his face with different usernames, and asks for their help in reporting any such instances. Awok Dew emphasizes the importance of earning a living through halal means and encourages his followers to be aware of scams on various social media platforms.","{'category': 'Scam', 'subcategory': 'Not Related'}"
"A man shares his experience of being scammed after buying clothes from an unknown seller who used a QR code for payment. The scammer used a Facebook account with a stolen profile picture and name, and provided a fake account number, which the man later discovered was not linked to the scammer's real identity. The scammer's tactics included creating a fake story to convince the man to pay an additional RM30, and then blocking him after the payment was made. The man learned that the scammer had bought the Facebook account and bank account from someone in need of money. He advises others to be cautious when using QR codes for payment and to always check the account number and name before making a transfer. He also shares a tip to use the ""Semak Mule"" website to verify if an account has been used for scamming activities.","{'category': 'Scam', 'subcategory': 'Not Related'}"
"A series of images and a speech in Malay are presented, discussing scams and how to avoid them. The images show men in suits, people with blue paint on their faces, and individuals standing on stages with microphones. The speaker, Rahmat Fitri, expresses gratitude to the Kajang Municipal Council for inviting him to share his expertise on identifying scams. He emphasizes the importance of educating oneself to avoid becoming a scam victim, citing the lack of awareness among Malaysians. Fitri offers to visit locations to help people and shares his experience as an anti-scam advocate, encouraging others to join him in the fight against scams.","{'category': 'Scam', 'subcategory': 'Not Related'}"
"Rahmat Fitri Abdullah, a Malaysian anti-scam advocate, shares four types of scam messages that are currently trending, warning people not to respond or engage with them. The first type claims to be from royalty or celebrities offering gifts or rewards, but is actually a scam. The second type is from scammers pretending to be from the Inland Revenue Board (LSDM) demanding tax payments. The third type claims to be from the courts, stating that the recipient has a case or warrant against them, but is actually a scam as courts do not send such messages. The fourth type invites people to join groups that offer online job opportunities, but is actually a scam.","{'category': 'Scam', 'subcategory': 'Not Related'}"
